{
  "algorithm": "GOHBO",
  "test_configuration": {
    "dimension": 30,
    "num_runs": 30,
    "max_iterations": 500,
    "population_size": 30,
    "test_date": "2025-12-27T02:20:16.980074"
  },
  "overall_statistics": {
    "total_functions_tested": 30,
    "average_success_rate": 0.0,
    "successful_functions": 0,
    "average_execution_time": 21.56367371082306,
    "algorithm_ranking_score": 0.0
  },
  "function_results": {
    "F1": {
      "algorithm": "GOHBO",
      "function_id": 1,
      "function_name": "Shifted_Sphere",
      "dimension": 30,
      "total_runs": 30,
      "successful_runs": 0,
      "success_rate": 0.0,
      "best_fitness": 3068.8853644329474,
      "worst_fitness": 12786.005787710454,
      "mean_fitness": 6301.945606771208,
      "median_fitness": 5396.738552338182,
      "std_fitness": 2515.0890245344217,
      "mean_execution_time": 3.8756625493367514,
      "std_execution_time": 0.01749591104969645,
      "convergence_rate": 172.13054475615124,
      "final_diversity": 2515.0890245344217
    },
    "F2": {
      "algorithm": "GOHBO",
      "function_id": 2,
      "function_name": "Schwefel_2_22",
      "dimension": 30,
      "total_runs": 30,
      "successful_runs": 0,
      "success_rate": 0.0,
      "best_fitness": 1.4850673507005272e+33,
      "worst_fitness": 3.355145634149199e+37,
      "mean_fitness": 5.068520120156338e+36,
      "median_fitness": 1.1326561420929181e+36,
      "std_fitness": 8.521259137006854e+36,
      "mean_execution_time": 3.9252455949783327,
      "std_execution_time": 0.06157268767105607,
      "convergence_rate": 7.276631725230247e+39,
      "final_diversity": 8.521259137006854e+36
    },
    "F3": {
      "algorithm": "GOHBO",
      "function_id": 3,
      "function_name": "Schwefel_1_2",
      "dimension": 30,
      "total_runs": 30,
      "successful_runs": 0,
      "success_rate": 0.0,
      "best_fitness": 15606.44355660722,
      "worst_fitness": 47640.87659668234,
      "mean_fitness": 33694.3491944355,
      "median_fitness": 31546.04202144601,
      "std_fitness": 8016.767274521677,
      "mean_execution_time": 6.980031124750773,
      "std_execution_time": 12.128102664496792,
      "convergence_rate": 425.02435476713606,
      "final_diversity": 8016.767274521677
    },
    "F4": {
      "algorithm": "GOHBO",
      "function_id": 4,
      "function_name": "Rosenbrock",
      "dimension": 30,
      "total_runs": 30,
      "successful_runs": 0,
      "success_rate": 0.0,
      "best_fitness": 10736761563.062128,
      "worst_fitness": 20487146514.701443,
      "mean_fitness": 15007058908.256958,
      "median_fitness": 14710499502.862108,
      "std_fitness": 2297646172.334203,
      "mean_execution_time": 4.048668726285299,
      "std_execution_time": 0.03241009927508479,
      "convergence_rate": 58646890.40419988,
      "final_diversity": 2297646172.334203
    },
    "F5": {
      "algorithm": "GOHBO",
      "function_id": 5,
      "function_name": "Rastrigin",
      "dimension": 30,
      "total_runs": 30,
      "successful_runs": 0,
      "success_rate": 0.0,
      "best_fitness": 52343.54786332082,
      "worst_fitness": 54064.709948589196,
      "mean_fitness": 52941.575640850846,
      "median_fitness": 52917.38301218627,
      "std_fitness": 382.83347049425385,
      "mean_execution_time": 3.9170434951782225,
      "std_execution_time": 0.040517177124597625,
      "convergence_rate": 12.912017845574562,
      "final_diversity": 382.83347049425385
    },
    "F6": {
      "algorithm": "GOHBO",
      "function_id": 6,
      "function_name": "Schaffer_F6",
      "dimension": 30,
      "total_runs": 30,
      "successful_runs": 0,
      "success_rate": 0.0,
      "best_fitness": 952.4334503340328,
      "worst_fitness": 953.8573372347041,
      "mean_fitness": 953.1318800447069,
      "median_fitness": 953.1680565239716,
      "std_fitness": 0.3416724616304634,
      "mean_execution_time": 4.468034434318542,
      "std_execution_time": 0.08455083603960287,
      "convergence_rate": 0.003085607772149402,
      "final_diversity": 0.3416724616304634
    },
    "F7": {
      "algorithm": "GOHBO",
      "function_id": 7,
      "function_name": "Griewank",
      "dimension": 30,
      "total_runs": 30,
      "successful_runs": 0,
      "success_rate": 0.0,
      "best_fitness": 1311.9780224969154,
      "worst_fitness": 1315.0711416445668,
      "mean_fitness": 1313.906101555004,
      "median_fitness": 1313.8174368692087,
      "std_fitness": 0.8034694620035338,
      "mean_execution_time": 3.9807914574941,
      "std_execution_time": 0.08348806978300237,
      "convergence_rate": 1.2608461989638777,
      "final_diversity": 0.8034694620035338
    },
    "F8": {
      "algorithm": "GOHBO",
      "function_id": 8,
      "function_name": "Rastrigin_Modified",
      "dimension": 30,
      "total_runs": 30,
      "successful_runs": 0,
      "success_rate": 0.0,
      "best_fitness": 57942.0048588461,
      "worst_fitness": 58953.24293398674,
      "mean_fitness": 58515.93429873849,
      "median_fitness": 58526.12572311215,
      "std_fitness": 235.5397586412887,
      "mean_execution_time": 3.97229958375295,
      "std_execution_time": 0.10507245626947602,
      "convergence_rate": 14.354544172010142,
      "final_diversity": 235.5397586412887
    },
    "F9": {
      "algorithm": "GOHBO",
      "function_id": 9,
      "function_name": "Levy",
      "dimension": 30,
      "total_runs": 30,
      "successful_runs": 0,
      "success_rate": 0.0,
      "best_fitness": 3661.8948127467024,
      "worst_fitness": 7338.208311882906,
      "mean_fitness": 3983.003236943863,
      "median_fitness": 3870.9982489985177,
      "std_fitness": 634.3613805837044,
      "mean_execution_time": 4.058864442507426,
      "std_execution_time": 0.057997541346641215,
      "convergence_rate": 16.813578633286276,
      "final_diversity": 634.3613805837044
    },
    "F10": {
      "algorithm": "GOHBO",
      "function_id": 10,
      "function_name": "Schwefel_2_26",
      "dimension": 30,
      "total_runs": 30,
      "successful_runs": 0,
      "success_rate": 0.0,
      "best_fitness": -3044.2628817598006,
      "worst_fitness": 921.8199859324676,
      "mean_fitness": -1423.4780198022086,
      "median_fitness": -1461.4027036216512,
      "std_fitness": 872.9099141849447,
      "mean_execution_time": 3.99952601591746,
      "std_execution_time": 0.0676174285052649,
      "convergence_rate": 22.151138134054683,
      "final_diversity": 872.9099141849447
    },
    "F11": {
      "algorithm": "GOHBO",
      "function_id": 11,
      "function_name": "Zakharov",
      "dimension": 3,
      "total_runs": 30,
      "successful_runs": 0,
      "success_rate": 0.0,
      "best_fitness": 158913571546.40903,
      "worst_fitness": 158913571546.41486,
      "mean_fitness": 158913571546.40964,
      "median_fitness": 158913571546.40924,
      "std_fitness": 0.0010808135386551163,
      "mean_execution_time": 2.0865063349405926,
      "std_execution_time": 0.0065244507522490116,
      "convergence_rate": 133338939.08957186,
      "final_diversity": 0.0010808135386551163
    },
    "F12": {
      "algorithm": "GOHBO",
      "function_id": 12,
      "function_name": "High_Conditioned_Elliptic",
      "dimension": 3,
      "total_runs": 30,
      "successful_runs": 0,
      "success_rate": 0.0,
      "best_fitness": 2214328531.7009163,
      "worst_fitness": 2214328625.825941,
      "mean_fitness": 2214328570.9723234,
      "median_fitness": 2214328566.503659,
      "std_fitness": 26.909257756032243,
      "mean_execution_time": 6.455301491419474,
      "std_execution_time": 22.957072294706713,
      "convergence_rate": 279759.6742654545,
      "final_diversity": 26.909257756032243
    },
    "F13": {
      "algorithm": "GOHBO",
      "function_id": 13,
      "function_name": "Ackley",
      "dimension": 3,
      "total_runs": 30,
      "successful_runs": 0,
      "success_rate": 0.0,