{
  "algorithm": "Original_HBO",
  "test_configuration": {
    "dimension": 30,
    "num_runs": 30,
    "max_iterations": 500,
    "population_size": 30,
    "test_date": "2025-12-26T20:56:48.235374"
  },
  "overall_statistics": {
    "total_functions_tested": 30,
    "average_success_rate": 0.0,
    "successful_functions": 0,
    "average_execution_time": 0.9720141622755263,
    "algorithm_ranking_score": 0.0
  },
  "function_results": {
    "F1": {
      "algorithm": "Original_HBO",
      "function_id": 1,
      "function_name": "Shifted_Sphere",
      "dimension": 30,
      "total_runs": 30,
      "successful_runs": 0,
      "success_rate": 0.0,
      "best_fitness": 318.20944557593833,
      "worst_fitness": 5662.706644848178,
      "mean_fitness": 2655.596548800923,
      "median_fitness": 2741.8434629829117,
      "std_fitness": 1233.4068376738437,
      "mean_execution_time": 1.0435540437698365,
      "std_execution_time": 0.011969505240578368,
      "convergence_rate": 172.842960549195,
      "final_diversity": 1233.4068376738437
    },
    "F2": {
      "algorithm": "Original_HBO",
      "function_id": 2,
      "function_name": "Schwefel_2_22",
      "dimension": 30,
      "total_runs": 30,
      "successful_runs": 0,
      "success_rate": 0.0,
      "best_fitness": 7.704538927544492e+30,
      "worst_fitness": 4.384712416986414e+34,
      "mean_fitness": 6.034615891660818e+33,
      "median_fitness": 8.357773277978931e+32,
      "std_fitness": 1.2196308806412904e+34,
      "mean_execution_time": 1.1129875342051188,
      "std_execution_time": 0.03937136181948288,
      "convergence_rate": 1.3556076068075718e+39,
      "final_diversity": 1.2196308806412904e+34
    },
    "F3": {
      "algorithm": "Original_HBO",
      "function_id": 3,
      "function_name": "Schwefel_1_2",
      "dimension": 30,
      "total_runs": 30,
      "successful_runs": 0,
      "success_rate": 0.0,
      "best_fitness": 20288.3848261169,
      "worst_fitness": 75495.37305425982,
      "mean_fitness": 47177.76319292802,
      "median_fitness": 43370.72612422274,
      "std_fitness": 15825.529102282435,
      "mean_execution_time": 1.8440071105957032,
      "std_execution_time": 0.0483330881805783,
      "convergence_rate": 325.27896039247946,
      "final_diversity": 15825.529102282435
    },
    "F4": {
      "algorithm": "Original_HBO",
      "function_id": 4,
      "function_name": "Rosenbrock",
      "dimension": 30,
      "total_runs": 30,
      "successful_runs": 0,
      "success_rate": 0.0,
      "best_fitness": 5181131082.218704,
      "worst_fitness": 9235798618.94993,
      "mean_fitness": 6864626408.175909,
      "median_fitness": 6709515444.516645,
      "std_fitness": 990404912.543797,
      "mean_execution_time": 1.2332302888234457,
      "std_execution_time": 0.03725329963447145,
      "convergence_rate": 72499037.51260422,
      "final_diversity": 990404912.543797
    },
    "F5": {
      "algorithm": "Original_HBO",
      "function_id": 5,
      "function_name": "Rastrigin",
      "dimension": 30,
      "total_runs": 30,
      "successful_runs": 0,
      "success_rate": 0.0,
      "best_fitness": 50802.340973017264,
      "worst_fitness": 51359.99627408623,
      "mean_fitness": 51050.07112552612,
      "median_fitness": 51066.51769109075,
      "std_fitness": 141.7946776008623,
      "mean_execution_time": 1.058138076464335,
      "std_execution_time": 0.022002957263058714,
      "convergence_rate": 15.135939938446601,
      "final_diversity": 141.7946776008623
    },
    "F6": {
      "algorithm": "Original_HBO",
      "function_id": 6,
      "function_name": "Schaffer_F6",
      "dimension": 30,
      "total_runs": 30,
      "successful_runs": 0,
      "success_rate": 0.0,
      "best_fitness": 952.6862506299149,
      "worst_fitness": 953.6993974275858,
      "mean_fitness": 953.2481018738986,
      "median_fitness": 953.3002379079203,
      "std_fitness": 0.27010055308408426,
      "mean_execution_time": 1.5846861282984415,
      "std_execution_time": 0.04469113536334709,
      "convergence_rate": 0.002594031677743973,
      "final_diversity": 0.27010055308408426
    },
    "F7": {
      "algorithm": "Original_HBO",
      "function_id": 7,
      "function_name": "Griewank",
      "dimension": 30,
      "total_runs": 30,
      "successful_runs": 0,
      "success_rate": 0.0,
      "best_fitness": 1352.2830594683278,
      "worst_fitness": 1403.7664627371273,
      "mean_fitness": 1372.617077441106,
      "median_fitness": 1373.0906151956506,
      "std_fitness": 13.110333294372024,
      "mean_execution_time": 1.1143381516138713,
      "std_execution_time": 0.034488667508116584,
      "convergence_rate": 1.0564557131914856,
      "final_diversity": 13.110333294372024
    },
    "F8": {
      "algorithm": "Original_HBO",
      "function_id": 8,
      "function_name": "Rastrigin_Modified",
      "dimension": 30,
      "total_runs": 30,
      "successful_runs": 0,
      "success_rate": 0.0,
      "best_fitness": 56516.318858152576,
      "worst_fitness": 56833.36183074251,
      "mean_fitness": 56658.22708688229,
      "median_fitness": 56649.5951189059,
      "std_fitness": 81.07748792843611,
      "mean_execution_time": 1.061801830927531,
      "std_execution_time": 0.026170839040940037,
      "convergence_rate": 12.892469722185494,
      "final_diversity": 81.07748792843611
    },
    "F9": {
      "algorithm": "Original_HBO",
      "function_id": 9,
      "function_name": "Levy",
      "dimension": 30,
      "total_runs": 30,
      "successful_runs": 0,
      "success_rate": 0.0,
      "best_fitness": 4745.013480249496,
      "worst_fitness": 7899.970342807463,
      "mean_fitness": 5758.221790753348,
      "median_fitness": 5626.5752094505315,
      "std_fitness": 819.6902913954148,
      "mean_execution_time": 1.1984051863352458,
      "std_execution_time": 0.020057838031006282,
      "convergence_rate": 12.281802171308062,
      "final_diversity": 819.6902913954148
    },
    "F10": {
      "algorithm": "Original_HBO",
      "function_id": 10,
      "function_name": "Schwefel_2_26",
      "dimension": 30,
      "total_runs": 30,
      "successful_runs": 0,
      "success_rate": 0.0,
      "best_fitness": -3267.662409188425,
      "worst_fitness": 532.7522624063539,
      "mean_fitness": -683.1982853511284,
      "median_fitness": -491.23745517700814,
      "std_fitness": 1023.0185420297867,
      "mean_execution_time": 1.0872564554214477,
      "std_execution_time": 0.016295247561475594,
      "convergence_rate": 18.35650787116992,
      "final_diversity": 1023.0185420297867
    },
    "F11": {
      "algorithm": "Original_HBO",
      "function_id": 11,
      "function_name": "Zakharov",
      "dimension": 3,
      "total_runs": 30,
      "successful_runs": 0,
      "success_rate": 0.0,
      "best_fitness": 158913571546.40912,
      "worst_fitness": 158913571546.40912,
      "mean_fitness": 158913571546.40912,
      "median_fitness": 158913571546.40912,
      "std_fitness": 0.0,
      "mean_execution_time": 0.7074767430623372,
      "std_execution_time": 0.011400259088984826,
      "convergence_rate": 60975929.30751872,
      "final_diversity": 0.0
    },
    "F12": {
      "algorithm": "Original_HBO",
      "function_id": 12,
      "function_name": "High_Conditioned_Elliptic",
      "dimension": 3,
      "total_runs": 30,
      "successful_runs": 0,
      "success_rate": 0.0,
      "best_fitness": 2214328511.059715,
      "worst_fitness": 2214328511.0746164,
      "mean_fitness": 2214328511.0607395,
      "median_fitness": 2214328511.05986,
      "std_fitness": 0.00269349637078925,
      "mean_execution_time": 0.7695734182993571,
      "std_execution_time": 0.014268603567084507,
      "convergence_rate": 199753.70781145318,
      "final_diversity": 0.00269349637078925
    },
    "F13": {
      "algorithm": "Original_HBO",
      "function_id": 13,
      "function_name": "Ackley",
      "dimension": 3,
      "total_runs": 30,